{
    "k": {
        "x": 56.23544081639771,
        "y": 144.84882186673462,
        "z": 82.52138512807653,
        "x_error": 51.97064088579433,
        "y_error": 63.93381099348965,
        "z_error": 17.99670229756433
    },
    "b": {
        "x": 46.765053463184735,
        "y": 11.025180184725167,
        "z": 0.975225503015141,
        "x_error": 36.42798215388749,
        "y_error": 3.3834376359615694,
        "z_error": 0.30965830005981215
    },
    "K": {
        "x": 16.239816887519833,
        "y": 36.628596966668546,
        "z": 18.72141237726513,
        "y_error": 14.50937869522216,
        "z_error": 6.518384860013231
    },
    "settings": {
        "anti-aliasing": false,
        "bead radius": 1.5,
        "bead height": 1.0,
        "Fs": 100000.0
    }
}